cause_output_accuracy,cause_output_loss,fault_output_accuracy,fault_output_loss,loss,val_cause_output_accuracy,val_cause_output_loss,val_fault_output_accuracy,val_fault_output_loss,val_loss,learning_rate
0.9449999928474426,0.1838884949684143,0.9662500023841858,0.08632346987724304,0.2702120244503021,1.0,0.0002448403392918408,1.0,7.839692261768505e-05,0.0002937541576102376,0.0010000000474974513
0.9996874928474426,0.0014640609733760357,1.0,0.0004697459808085114,0.0019338070414960384,1.0,3.9195409044623375e-05,1.0,1.9169669030816294e-05,5.362904630601406e-05,0.0010000000474974513
1.0,0.0007036495953798294,1.0,0.0002756988687906414,0.0009793483186513186,1.0,1.4788652151764836e-05,1.0,6.364079126797151e-06,1.9152565073454753e-05,0.0010000000474974513
1.0,0.000411722285207361,1.0,0.00017872906755656004,0.0005904512945562601,1.0,6.309703167062253e-06,1.0,1.5269500863723806e-06,6.977913471928332e-06,0.0010000000474974513
1.0,0.00023759524628985673,1.0,9.249085269402713e-05,0.00033008609898388386,1.0,3.4541023978817975e-06,1.0,7.331580604841292e-07,3.7567235722235637e-06,0.0010000000474974513
1.0,0.00022809533402323723,1.0,4.8654408601578325e-05,0.0002767498081084341,1.0,1.9371377675270196e-06,1.0,3.951197982132726e-07,2.085184860334266e-06,0.0010000000474974513
1.0,0.0002639527665451169,1.0,3.101300899288617e-05,0.00029496580827981234,1.0,1.2524900512289605e-06,1.0,3.1001928846308147e-07,1.3910060943089775e-06,0.0010000000474974513
1.0,6.735442002536729e-05,1.0,2.862132532754913e-05,9.597574535291642e-05,1.0,1.1016171583833057e-06,1.0,2.726234527017368e-07,1.2235362873980193e-06,0.0005000000237487257
1.0,0.00010019876208389178,1.0,4.5806318667018786e-05,0.00014600508438888937,1.0,9.049763320945203e-07,1.0,1.9549544560959475e-07,9.721909464133205e-07,0.0005000000237487257
1.0,0.00017911652685143054,1.0,6.367955938912928e-05,0.00024279611534439027,1.0,7.671414437027124e-07,1.0,1.004847476338e-07,7.635778729309095e-07,0.0005000000237487257
1.0,6.585029768757522e-05,1.0,1.8286649719811976e-05,8.41369474073872e-05,1.0,5.822083721795934e-07,1.0,8.657058003791462e-08,5.905773150516325e-07,0.0005000000237487257
1.0,7.576155621791258e-05,1.0,1.843887184804771e-05,9.420044079888612e-05,1.0,4.08184774869369e-07,1.0,8.201317314160406e-08,4.3600667254395375e-07,0.0005000000237487257
1.0,9.557706653140485e-05,1.0,5.229843736742623e-05,0.00014787550026085228,1.0,3.696015085097315e-07,1.0,6.931610130322952e-08,3.884274804022425e-07,0.0002500000118743628
1.0,0.00011256646394031122,1.0,2.233722261735238e-05,0.00013490366109181195,1.0,3.4698376794040087e-07,1.0,6.216280468152036e-08,3.6224989230504434e-07,0.0002500000118743628
1.0,5.4897755035199225e-05,1.0,2.660042082425207e-05,8.14981758594513e-05,1.0,2.924349757904565e-07,1.0,5.457301099909273e-08,3.059114419556863e-07,0.0002500000118743628
1.0,8.080025145318359e-05,1.0,8.76628837431781e-06,8.956652891356498e-05,1.0,2.772677305529214e-07,1.0,5.271301262155248e-08,2.9141523327780305e-07,0.0002500000118743628
1.0,0.00010928558185696602,1.0,1.9647302906378172e-05,0.00012893290841020644,1.0,2.812591333167802e-07,1.0,5.5381843111490525e-08,2.960695439924166e-07,0.0002500000118743628
1.0,6.447541818488389e-05,1.0,2.1942592866253108e-05,8.641801832709461e-05,1.0,2.7167979510522855e-07,1.0,5.177336603878757e-08,2.834927386174968e-07,0.0001250000059371814
1.0,3.540457328199409e-05,1.0,1.41406753755291e-05,4.954524047207087e-05,1.0,2.567786623330903e-07,1.0,4.771390749169768e-08,2.672217647159414e-07,0.0001250000059371814
1.0,2.533028782636393e-05,1.0,1.0175085662922356e-05,3.550537439878099e-05,1.0,2.479976615177293e-07,1.0,4.5949835936198724e-08,2.5651917212599074e-07,0.0001250000059371814
1.0,7.934837776701897e-05,1.0,9.119925380218774e-06,8.846830314723775e-05,1.0,2.23783317210291e-07,1.0,4.707265688352891e-08,2.3743682220356277e-07,0.0001250000059371814
1.0,3.367827594047412e-05,1.0,1.6821200915728696e-05,5.049948231317103e-05,1.0,2.1154311014015548e-07,1.0,4.648810758567379e-08,2.2667188659397652e-07,0.0001250000059371814
1.0,2.4557080905651674e-05,1.0,1.576497743371874e-05,4.0322058339370415e-05,1.0,2.1021264728915412e-07,1.0,4.5515779589777594e-08,2.2423122914005944e-07,6.25000029685907e-05
1.0,5.814991527586244e-05,1.0,2.1068395653855987e-05,7.921830547275022e-05,1.0,2.0622125873615005e-07,1.0,4.316575541452039e-08,2.1750658163455228e-07,6.25000029685907e-05
1.0,9.092348045669496e-05,1.0,1.8137416191166267e-05,0.00010906092938967049,1.0,1.9823851005185134e-07,1.0,4.2086121254669706e-08,2.110262755650183e-07,6.25000029685907e-05
1.0,2.0291141481720842e-05,1.0,1.0069181371363811e-05,3.0360319215105847e-05,1.0,1.979724260081639e-07,1.0,4.076187209989257e-08,2.094503059879571e-07,6.25000029685907e-05
1.0,4.021733548142947e-05,1.0,4.4910451833857223e-05,8.512778003932908e-05,1.0,1.8786091970923735e-07,1.0,4.0207705609418554e-08,2.0022294222599157e-07,6.25000029685907e-05
1.0,5.515380689757876e-05,1.0,1.087953569367528e-05,6.603333895327523e-05,1.0,1.849339099635472e-07,1.0,3.953837790504622e-08,1.9721457533705689e-07,3.125000148429535e-05
1.0,5.597438575932756e-05,1.0,1.0722803381213453e-05,6.669719005003572e-05,1.0,1.8360344711254584e-07,1.0,3.873342890869935e-08,1.9494231651151495e-07,3.125000148429535e-05
1.0,6.285773270064965e-05,1.0,1.1007027751475107e-05,7.386476499959826e-05,1.0,1.7695116127924848e-07,1.0,3.9089254499913295e-08,1.886572249532037e-07,3.125000148429535e-05
1.0,5.6042230426101014e-05,1.0,1.418669580743881e-05,7.022891804808751e-05,1.0,1.7322588519164128e-07,1.0,3.833253003904247e-08,1.8555300584921497e-07,3.125000148429535e-05
1.0,4.507858830038458e-05,1.0,2.538884109526407e-05,7.046743121463805e-05,1.0,1.7003277719140897e-07,1.0,3.7616750603319815e-08,1.8216717023733509e-07,3.125000148429535e-05
1.0,4.747763159684837e-05,1.0,1.3981005395180546e-05,6.145864608697593e-05,1.0,1.68170132042178e-07,1.0,3.7310375233801096e-08,1.8067554208300862e-07,1.5625000742147677e-05
1.0,3.7039982998976484e-05,1.0,2.4915396352298558e-05,6.195538298925385e-05,1.0,1.6737187991111568e-07,1.0,3.680792559634938e-08,1.7929338014255336e-07,1.5625000742147677e-05
1.0,4.2670035327319056e-05,1.0,1.8735525372903794e-05,6.140556070022285e-05,1.0,1.6737187991111568e-07,1.0,3.6294675709314106e-08,1.7880829261684994e-07,1.5625000742147677e-05
1.0,2.6731657271739095e-05,1.0,1.398498807247961e-05,4.0716640796745196e-05,1.0,1.6577531880557217e-07,1.0,3.59228060631267e-08,1.7666215512690542e-07,1.5625000742147677e-05
1.0,4.3916497816098854e-05,1.0,1.657453140069265e-05,6.04910273978021e-05,1.0,1.62848309059882e-07,1.0,3.573689610902875e-08,1.7409585950645123e-07,1.5625000742147677e-05
1.0,1.8803199054673314e-05,1.0,1.6827218132675625e-05,3.563041900633834e-05,1.0,1.6151784620888066e-07,1.0,3.5399288833559694e-08,1.7230141224899853e-07,7.812500371073838e-06
1.0,0.0001358062436338514,1.0,1.7998276234720834e-05,0.00015380448894575238,1.0,1.6258221080533986e-07,1.0,3.543351922985494e-08,1.7354403780700522e-07,7.812500371073838e-06
1.0,5.253843846730888e-05,1.0,3.639428541646339e-05,8.893271296983585e-05,1.0,1.585908364631905e-07,1.0,3.5372213602613556e-08,1.6989457662930363e-07,7.812500371073838e-06
1.0,2.318339466000907e-05,1.0,9.40701829676982e-06,3.2590414775768295e-05,1.0,1.5539772846295818e-07,1.0,3.5273078680120307e-08,1.6800824198526243e-07,7.812500371073838e-06
1.0,0.00010045146336778998,1.0,1.1535395969985984e-05,0.00011198684660485014,1.0,1.5380116735741467e-07,1.0,3.555672378752206e-08,1.6645407185933436e-07,7.812500371073838e-06
1.0,3.1593710446031764e-05,1.0,1.2814114597858861e-05,4.440782140591182e-05,1.0,1.5326898505918507e-07,1.0,3.5485687277514444e-08,1.6579257078319642e-07,3.906250185536919e-06
1.0,4.468572296900675e-05,1.0,1.563903242640663e-05,6.032475721440278e-05,1.0,1.5273680276095547e-07,1.0,3.5331190417764446e-08,1.6505640587638482e-07,3.906250185536919e-06
1.0,5.41272820555605e-05,1.0,1.616938243387267e-05,7.029664993751794e-05,1.0,1.5140635412080883e-07,1.0,3.527392777868954e-08,1.644002622924745e-07,3.906250185536919e-06
1.0,5.122453148942441e-05,1.0,1.5153271306189708e-05,6.63777973386459e-05,1.0,1.4980980722612003e-07,1.0,3.512050383847054e-08,1.6336058195065561e-07,3.906250185536919e-06
1.0,2.294182741024997e-05,1.0,1.3146877790859435e-05,3.60887024726253e-05,1.0,1.4901152667334827e-07,1.0,3.502700707258555e-08,1.6238114142197446e-07,3.906250185536919e-06
1.0,3.049947554245591e-05,1.0,2.339971251785755e-05,5.3899184422334656e-05,1.0,1.4901152667334827e-07,1.0,3.4948023142078455e-08,1.6230811183959304e-07,1.9531250927684596e-06
1.0,4.266678661224432e-05,1.0,1.034516935760621e-05,5.301196506479755e-05,1.0,1.4874544262966083e-07,1.0,3.4900192957820764e-08,1.6196091223719122e-07,1.9531250927684596e-06
1.0,2.8910179025842808e-05,1.0,9.414551641384605e-06,3.832472793874331e-05,1.0,1.4874544262966083e-07,1.0,3.4853485431085574e-08,1.619167591115911e-07,1.9531250927684596e-06
